8.84,0.718,0.038,7.829,0
9.5,0.62,0.113,7.932,0
10.025,0.601,0.067,7.896,0
10.553,0.661,0.0,7.882,0
11.08,0.666,0.007,7.887,0
11.609,0.713,0.079,7.843,0
12.139,0.651,0.036,7.86,0
12.666,0.685,0.084,7.934,0
13.195,0.613,0.019,7.901,0
13.724,0.728,-0.017,7.8,0
14.254,0.661,0.081,7.87,0
14.786,0.642,-0.019,7.906,0
15.318,0.682,0.038,7.925,0
15.85,0.644,0.098,7.858,0
16.379,0.687,0.077,7.841,0
16.908,0.697,0.062,7.855,0
17.441,0.68,0.053,7.922,0
17.969,0.721,0.151,7.796,0
18.5,0.639,0.108,7.963,0
19.032,0.733,0.01,7.997,0
19.668,0.704,0.029,7.927,0
20.198,0.687,0.079,7.863,0
20.728,0.589,-0.01,7.875,0
21.258,0.713,0.048,7.807,0
21.79,0.678,0.002,7.884,0
22.322,0.723,0.024,7.863,0
22.853,0.697,0.045,7.834,0
23.382,0.685,0.093,7.855,0
23.916,0.673,0.0,7.829,0
24.447,0.709,0.038,7.822,0
24.978,0.656,0.057,7.815,0
25.507,0.68,0.093,7.946,0
26.038,0.611,0.045,7.896,0
26.567,0.709,0.012,7.898,0
27.096,0.694,0.043,7.827,0
27.627,0.728,0.062,7.887,0
28.164,0.658,0.019,7.819,0
28.695,0.697,0.055,7.93,0
29.227,0.658,0.077,7.884,0
29.887,0.654,0.024,7.877,0
30.431,0.697,0.05,7.839,0
30.975,0.637,0.055,7.956,0
31.52,0.654,0.074,7.853,0
32.068,0.678,-0.01,7.829,0
32.615,0.692,0.002,7.872,0
33.157,0.73,0.057,7.822,0
33.701,0.675,0.031,7.882,0
34.249,0.752,0.062,7.875,0
34.794,0.706,0.017,7.879,0
35.339,0.742,0.05,7.949,0
35.889,0.699,0.081,7.767,0
36.435,0.704,0.05,7.879,0
36.98,0.62,0.057,7.894,0
37.52,0.682,0.096,7.812,0
38.066,0.618,0.072,7.851,0
38.609,0.725,0.05,7.934,0
39.154,0.687,0.057,7.877,0
39.698,0.668,0.002,7.841,0
40.244,0.728,-0.005,7.8,0
40.853,0.754,-0.014,7.793,0
41.394,0.632,0.017,7.879,0
41.936,0.692,0.053,7.851,0
42.48,0.651,0.057,8.006,0
43.027,0.678,0.019,7.819,0
43.569,0.735,0.048,7.855,0
44.114,0.632,0.002,7.858,0
44.657,0.622,0.045,7.968,0
45.204,0.565,0.048,7.882,0
45.746,0.68,0.077,7.769,0
46.29,0.649,0.105,7.86,0
46.837,0.68,0.05,7.903,0
47.382,0.685,0.031,7.793,0
47.926,0.735,0.05,7.879,0
48.474,0.869,0.041,7.877,0
7.522,0.723,0.017,7.839,0
8.066,0.723,0.062,7.875,0
8.617,0.745,0.01,7.848,0
9.157,0.692,0.034,7.867,0
9.824,0.627,0.091,7.942,0
10.366,0.699,0.096,7.889,0
10.911,0.711,0.06,7.937,0
11.457,0.682,0.029,7.851,0
12.004,0.716,0.048,7.8,0
12.55,0.702,0.06,7.946,0
13.092,0.713,-0.055,7.989,0
13.639,-0.634,0.723,8.99,0
14.185,-7.053,0.129,4.626,0
14.728,-8.99,0.618,-1.14,0
15.174,-9.249,0.23,-1.156,1
15.715,-9.234,0.244,-1.31,1
16.259,-9.222,-0.139,-1.791,1
16.807,-9.026,-0.113,0.709,1
17.349,-8.191,-0.084,2.598,0
17.89,-8.835,-0.129,0.869,0
18.334,-7.922,-0.153,2.811,0
18.877,-7.494,-0.081,2.65,0
19.423,-8.976,0.426,-2.054,0
19.991,-9.306,-0.108,-2.571,1
20.534,-9.323,-0.136,-2.021,1
21.079,-9.251,-0.172,0.084,1
21.623,-6.364,-0.079,5.425,0
22.166,-6.275,-0.12,5.011,0
22.708,-8.698,-0.115,1.226,0
23.151,-9.024,-0.175,0.309,1
23.695,-8.432,-0.067,1.776,0
24.241,-7.855,0.136,2.725,0
24.786,-9.237,-0.139,-0.778,1
25.329,-9.325,-0.115,-0.405,1
25.872,-4.345,-0.687,2.763,0
26.417,-0.29,-0.194,7.74,0
26.96,-0.23,-0.194,7.855,0
27.506,-0.218,-0.184,7.807,0
28.053,-0.187,-0.172,7.913,0
28.598,-0.235,-0.146,7.822,0
29.268,-0.251,-0.175,7.819,0
29.813,-0.196,-0.127,7.898,0
30.359,-0.266,-0.204,7.803,0
30.903,-0.283,-0.148,7.855,0
31.447,-0.204,-0.165,7.977,0
31.994,-0.204,-0.158,7.872,0
32.536,-0.172,-0.139,7.915,0
33.082,-0.227,-0.172,7.796,0
33.626,-0.158,-0.184,7.851,0
34.172,-0.28,-0.18,7.915,0
34.715,-0.187,-0.148,7.784,0
35.26,-0.192,-0.184,7.884,0
35.802,-0.189,-0.17,7.848,0
36.349,-0.18,-0.175,7.774,0
36.895,-0.266,-0.163,7.889,0
37.439,-0.182,-0.148,7.834,0
37.99,-0.244,-0.132,7.949,0
38.539,-0.208,-0.199,7.915,0
39.208,-0.177,-0.163,7.86,0
39.755,-0.227,-0.115,7.863,0
40.302,-0.206,-0.16,7.848,0
40.848,-0.23,-0.144,7.841,0
41.394,-0.227,-0.144,7.834,0
41.939,-0.242,-0.175,7.815,0
42.483,-0.201,-0.165,7.851,0
43.033,-0.194,-0.194,7.796,0
43.581,-0.189,-0.172,7.8,0
44.123,-0.227,-0.11,7.805,0
44.667,-0.242,-0.151,7.975,0
45.211,-0.251,-0.16,7.788,0
45.757,-0.17,-0.163,7.863,0
46.307,-0.227,-0.146,7.829,0
46.854,-0.141,-0.129,7.846,0
47.401,-0.18,-0.192,7.851,0
47.949,-0.184,-0.134,7.805,0
48.495,-0.235,-0.177,7.743,0
49.171,-0.208,-0.175,7.843,0
49.719,-0.218,-0.192,7.817,0
50.264,-0.184,-0.206,7.875,0
50.814,-0.208,-0.132,7.863,0
51.367,-0.254,-0.165,7.891,0
51.915,-0.239,-0.127,7.925,0
52.461,-0.196,-0.16,7.934,0
53.006,-0.189,-0.175,7.805,0
53.555,-0.225,-0.158,7.779,0
54.103,-0.17,-0.206,7.817,0
54.651,-0.22,-0.153,7.812,0
55.199,-0.215,-0.144,7.946,0
55.748,-0.213,-0.11,7.851,0
56.293,-0.199,-0.127,7.812,0
56.838,-0.249,-0.182,7.843,0
57.385,-0.196,-0.196,7.805,0
57.938,-0.239,-0.139,7.889,0
58.485,-0.189,-0.177,7.81,0
59.157,-0.215,-0.175,7.882,0
59.707,-0.117,-0.151,7.796,0
60.255,-0.139,-0.215,7.846,0
60.804,-0.158,-0.117,7.798,0
61.351,-0.163,-0.213,7.918,0
61.896,-0.254,-0.139,7.872,0
62.445,-0.189,-0.163,7.815,0
62.992,-0.261,-0.192,7.855,0
63.541,-0.206,-0.187,7.877,0
64.088,-0.172,-0.168,7.807,0
64.639,-0.187,-0.194,7.827,0
65.192,-0.146,-0.206,7.927,0
65.743,-0.199,-0.199,7.863,0
66.291,-0.129,-0.136,7.896,0
66.842,-0.239,-0.237,7.915,0
67.391,-0.194,-0.148,7.966,0
67.935,-0.194,-0.211,7.867,0
68.485,-0.192,-0.189,7.879,0
69.166,-0.242,-0.16,7.829,0
69.707,-0.098,-0.206,7.846,0
70.25,-0.16,-0.168,7.994,0
70.792,-0.165,-0.208,7.858,0
71.331,-0.132,-0.139,7.877,0
71.871,-0.148,-0.194,7.831,0
72.416,-0.11,-0.134,7.824,0
72.96,-0.215,-0.148,7.848,0
73.506,-0.141,-0.124,7.827,0
74.051,-0.168,-0.101,7.807,0
74.599,-0.235,-0.144,7.915,0
75.144,-0.242,-0.175,7.848,0
75.69,-0.223,-0.144,7.875,0
76.235,-0.187,-0.122,7.863,0
76.786,-0.113,-0.18,7.81,0
77.327,-0.105,-0.172,7.796,0
77.877,-0.189,-0.165,7.872,0
78.429,-0.177,-0.168,7.764,0
79.048,-0.17,-0.172,7.843,0
79.594,-0.28,-0.146,7.788,0
80.14,-0.141,-0.139,7.755,0
80.688,-0.199,-0.113,7.896,0
81.235,-0.206,-0.156,7.841,0
81.784,-0.134,-0.158,7.829,0
82.331,-0.168,-0.122,7.781,0
82.875,-0.165,-0.156,7.91,0
83.417,-0.156,-0.18,7.875,0
83.963,-0.172,-0.201,7.851,0
84.506,-0.175,-0.175,7.86,0
85.049,-0.189,-0.18,7.819,0
85.587,-0.141,-0.158,7.937,0
86.125,-0.146,-0.16,7.882,0
86.666,-0.11,-0.139,7.858,0
87.208,-0.139,-0.12,7.875,0
87.753,-0.141,-0.132,7.853,0
88.299,-0.232,-0.177,7.812,0
88.914,-0.101,-0.132,7.831,0
89.458,-0.17,-0.129,7.877,0
90.005,-0.184,-0.129,7.913,0
90.551,-0.136,-0.158,7.939,0
91.096,-0.175,-0.098,7.839,0
91.641,-0.215,-0.132,7.839,0
92.183,-0.163,-0.184,7.865,0
92.728,-0.244,-0.16,7.877,0
93.269,-0.136,-0.127,7.791,0
93.813,-0.175,-0.129,7.887,0
94.357,-0.127,-0.091,7.867,0
94.906,-0.105,-0.189,7.848,0
95.448,-0.223,-0.165,7.815,0
95.99,-0.122,-0.101,7.851,0
96.536,-0.194,-0.146,7.887,0
97.082,-0.122,-0.177,7.927,0
97.621,-0.213,-0.077,7.913,0
98.281,-0.144,-0.208,7.824,0
98.82,-0.146,-0.148,7.944,0
99.36,-0.127,-0.215,7.793,0
99.904,-0.17,-0.127,7.92,0
100.448,-0.151,-0.223,7.819,0
100.992,-0.148,-0.136,7.884,0
101.538,-0.218,-0.163,7.824,0
102.081,-0.139,-0.156,7.851,0
102.621,-0.12,-0.151,7.829,0
103.165,-0.168,-0.182,7.937,0
103.708,-0.199,-0.165,7.784,0
104.25,-0.22,-0.16,7.867,0
104.794,-0.115,-0.117,7.817,0
105.335,-0.103,-0.223,7.81,0
105.877,-0.194,-0.17,7.841,0
106.42,-0.139,-0.172,7.827,0
106.961,-0.196,-0.17,7.839,0
107.507,-0.189,-0.201,7.903,0
108.174,-0.17,-0.122,7.791,0
108.719,-0.194,-0.189,7.86,0
109.267,-0.153,-0.156,7.762,0
109.814,-0.146,-0.177,7.767,0
110.359,-0.177,-0.194,7.848,0
110.905,-0.136,-0.196,7.858,0
111.446,-0.192,-0.132,7.807,0
111.986,-0.139,-0.177,7.848,0
112.531,-0.208,-0.148,7.884,0
113.077,-0.144,-0.194,7.908,0
113.62,-0.194,-0.072,7.831,0
114.164,-0.129,-0.127,7.92,0
114.708,-0.141,-0.136,7.913,0
115.25,-0.134,-0.208,7.846,0
115.793,-0.16,-0.127,7.784,0
116.338,-0.113,-0.139,7.865,0
116.882,-0.124,-0.151,7.793,0
117.547,-0.156,-0.132,7.882,0
118.091,-0.263,-0.187,7.863,0
118.637,-0.101,-0.189,7.932,0
119.18,-0.086,-0.199,7.963,0
119.727,-0.208,-0.184,7.865,0
120.27,-0.168,-0.103,7.848,0
120.812,-0.117,-0.153,7.819,0
121.351,-0.204,-0.158,7.798,0
121.895,-0.156,-0.204,7.901,0
122.437,-0.139,-0.163,7.927,0
122.983,-0.194,-0.148,7.879,0
123.526,-0.136,-0.141,7.848,0
124.067,-0.177,-0.177,7.843,0
124.611,-0.18,-0.12,7.738,0
125.157,-0.158,-0.172,7.896,0
125.706,-0.144,-0.204,7.815,0
126.25,-0.124,-0.187,7.937,0
126.919,-0.156,-0.177,7.925,0
127.468,-0.208,-0.12,7.903,0
128.014,-0.223,-0.139,7.908,0
128.565,-0.144,-0.187,7.891,0
129.113,-0.211,-0.136,7.803,0
129.658,-0.182,-0.218,7.922,0
130.205,-0.215,-0.163,7.865,0
130.75,-0.168,-0.163,7.819,0
131.296,-0.055,-0.201,7.855,0
131.841,-0.146,-0.16,7.863,0
132.386,-0.129,-0.127,7.992,0
132.93,-0.196,-0.192,7.901,0
133.478,-0.148,-0.17,7.822,0
134.02,-0.127,-0.16,7.834,0
134.568,-0.031,-0.223,7.913,0
135.116,-0.18,-0.11,7.851,0
135.66,-0.163,-0.129,7.822,0
136.205,-0.103,-0.129,7.91,0
136.884,-0.098,-0.168,7.932,0
137.432,-0.165,-0.187,7.829,0
137.98,-0.156,-0.153,7.932,0
138.527,-0.187,-0.175,7.774,0
139.077,-0.108,-0.16,7.824,0
139.623,-0.146,-0.108,7.87,0
140.167,-0.204,-0.158,7.851,0
140.717,-0.134,-0.129,7.882,0
141.264,-0.141,-0.127,7.772,0
141.811,-0.12,-0.153,7.846,0
142.362,-0.148,-0.136,7.884,0
142.911,-0.144,-0.163,7.879,0
143.457,-0.156,-0.144,7.877,0
144.004,-0.189,-0.11,7.769,0
144.555,-0.163,-0.134,7.858,0
145.101,-0.134,-0.16,7.872,0
145.647,-0.165,-0.163,7.807,0
146.301,-0.184,-0.136,7.906,0
146.826,-0.156,-0.18,7.798,0
147.355,-0.072,-0.148,7.937,0
147.885,-0.153,-0.153,7.915,0
148.412,-0.146,-0.144,7.843,0
148.943,-0.141,-0.208,7.779,0
149.471,-0.12,-0.144,7.81,0
150.0,-0.134,-0.146,7.824,0
150.531,-0.177,-0.127,7.93,0
151.061,-0.153,-0.211,7.903,0
151.59,-0.124,-0.158,7.87,0
152.124,-0.148,-0.151,7.798,0
152.654,-0.067,-0.16,7.853,0
153.187,-0.122,-0.165,7.834,0
153.72,-0.208,-0.16,7.954,0
154.256,-0.285,-0.136,7.87,0
154.789,-0.129,-0.211,7.87,0
155.326,-0.17,-0.196,7.903,0
155.975,-0.124,-0.148,7.714,0
156.512,-0.168,-0.148,7.834,0
157.049,-0.134,-0.177,7.784,0
157.587,-0.163,-0.213,7.848,0
158.121,-0.12,-0.163,7.863,0
158.663,-0.134,-0.206,7.884,0
159.2,-0.165,-0.18,7.757,0
159.743,-0.11,-0.103,7.915,0
160.284,-0.136,-0.16,7.841,0
160.823,-0.117,-0.11,7.867,0
161.366,-0.089,-0.103,7.898,0
161.912,-0.096,-0.093,7.989,0
162.452,-0.208,-0.127,7.846,0
162.994,-0.132,-0.184,7.836,0
163.539,-0.151,-0.084,7.858,0
164.083,-0.172,-0.156,7.803,0
164.622,-0.096,-0.158,7.913,0
165.281,-0.12,-0.156,7.915,0
165.82,-0.16,-0.132,7.92,0
166.362,-0.163,-0.194,7.851,0
166.901,-0.163,-0.213,7.867,0
167.441,-0.124,-0.163,7.748,0
167.986,-0.194,-0.122,7.896,0
168.531,-0.11,-0.148,7.877,0
169.077,-0.134,-0.187,7.793,0
169.623,-0.168,-0.151,7.839,0
170.171,-0.093,-0.175,7.853,0
170.714,-0.237,-0.146,7.827,0
171.259,-0.12,-0.168,7.829,0
171.804,-0.11,-0.127,7.882,0
172.348,-0.141,-0.182,7.875,0
172.895,-0.136,-0.136,7.815,0
173.441,-0.127,-0.136,7.755,0
173.983,-0.113,-0.158,7.796,0
174.656,-0.105,-0.218,7.848,0
175.2,-0.165,-0.22,7.843,0
175.745,-0.163,-0.151,7.822,0
176.291,-0.151,-0.098,7.846,0
176.834,-0.163,-0.122,7.757,0
177.382,-0.12,-0.175,7.968,0
177.928,-0.151,-0.148,7.815,0
178.474,-0.101,-0.17,7.752,0
179.021,-0.113,-0.201,7.822,0
179.568,-0.108,-0.187,7.848,0
180.114,-0.218,-0.182,7.925,0
180.659,-0.127,-0.134,7.843,0
181.208,-0.096,-0.113,7.721,0
181.752,-0.136,-0.17,7.87,0
182.298,-0.127,-0.122,7.819,0
182.846,-0.124,-0.124,7.92,0
183.391,-0.124,-0.189,7.884,0
183.935,-0.101,-0.144,7.879,0
184.608,-0.163,-0.165,7.846,0
185.157,-0.141,-0.153,7.824,0
185.705,-0.223,-0.182,7.961,0
186.253,-0.148,-0.074,7.934,0
186.798,-0.105,-0.168,7.949,0
187.345,-0.132,-0.187,7.863,0
187.898,-0.124,-0.151,7.848,0
188.449,-0.153,-0.187,7.819,0
189.0,-0.201,-0.165,8.155,0
189.546,-0.158,-0.17,7.86,0
190.094,-0.043,-0.156,7.867,0
190.642,-0.093,-0.182,7.819,0
191.19,2.624,-0.189,7.915,0
191.741,0.007,-0.16,7.872,0
192.289,-0.036,-0.204,7.925,0
192.836,0.0,-0.194,7.858,0
193.382,-0.101,-0.108,7.64,0
194.056,-0.041,-0.141,7.875,0
194.607,-0.026,-0.153,7.865,0
195.156,-0.067,-0.196,7.877,0
195.707,-0.113,-0.136,7.865,0
196.251,-0.024,-0.187,7.805,0
196.799,-0.014,-0.182,7.846,0
197.349,-0.062,-0.172,7.901,0
197.9,-0.053,-0.146,7.851,0
198.449,-0.007,-0.136,7.805,0
198.996,-0.045,-0.146,7.908,0
199.546,-0.151,-0.177,7.812,0
200.095,0.0,-0.177,7.91,0
200.648,-0.024,-0.093,7.894,0
201.201,-0.031,-0.124,7.836,0
201.75,0.007,-0.156,7.968,0
202.299,-0.045,-0.199,7.807,0
202.845,-0.065,-0.189,7.843,0
203.523,-0.022,-0.204,7.784,0
204.07,-0.045,-0.163,7.875,0
204.619,-0.041,-0.22,7.968,0
205.166,-0.036,-0.182,8.006,0
205.719,-0.067,-0.184,7.865,0
206.27,-0.029,-0.105,7.942,0
206.82,-0.072,-0.182,7.815,0
207.371,-0.096,-0.204,7.784,0
207.917,-0.057,-0.158,7.887,0
208.469,-0.002,-0.165,7.855,0
209.018,-0.026,-0.134,7.879,0
209.569,-0.026,-0.124,7.91,0
210.119,-0.074,-0.148,7.827,0
210.666,-0.06,-0.156,7.937,0
211.217,0.048,-0.223,7.997,0
211.766,-0.045,-0.132,7.839,0
212.32,-0.077,-0.153,7.807,0
212.87,-0.06,-0.158,7.829,0
213.551,-0.017,-0.165,7.891,0
214.1,-0.067,-0.192,7.846,0
214.645,-0.014,-0.086,7.872,0
215.198,-0.053,-0.156,7.86,0
215.748,-0.026,-0.192,7.798,0
216.293,-0.045,-0.187,7.87,0
216.839,-0.019,-0.101,7.819,0
217.388,-0.081,-0.117,7.827,0
217.938,0.0,-0.172,7.879,0
218.49,-0.077,-0.129,7.822,0
219.039,-0.062,-0.182,7.875,0
219.594,-0.014,-0.165,7.788,0
220.144,-0.017,-0.136,7.87,0
220.696,-0.041,-0.165,7.858,0
221.249,-0.055,-0.146,7.819,0
221.8,-0.007,-0.115,7.937,0
222.351,-0.022,-0.17,7.846,0
223.01,-0.012,-0.146,7.736,0
223.535,-0.041,-0.175,7.877,0
224.063,-0.026,-0.189,7.752,0
224.589,-0.065,-0.196,7.86,0
225.119,-0.053,-0.153,7.855,0
225.652,-0.062,-0.187,7.829,0
226.18,-0.091,-0.113,7.901,0
226.71,-0.115,-0.127,7.822,0
227.24,-0.05,-0.136,7.961,0
227.771,0.012,-0.117,7.937,0
228.304,-0.043,-0.165,7.779,0
228.835,-0.077,-0.108,7.863,0
229.371,-0.012,-0.163,7.805,0
229.907,-0.081,-0.208,7.913,0
230.443,-0.031,-0.127,7.786,0
230.973,-0.019,-0.146,7.815,0
231.506,-0.108,-0.172,7.867,0
232.039,-0.043,-0.16,7.879,0
232.641,-0.019,-0.12,7.894,0
233.174,-0.034,-0.146,7.937,0
233.71,0.017,-0.18,7.879,0
234.242,-0.06,-0.156,7.961,0
234.776,-0.079,-0.117,7.853,0
235.312,-0.017,-0.136,7.736,0
235.846,-0.031,-0.148,7.834,0
236.385,-0.034,-0.168,7.822,0
236.919,-0.034,-0.18,7.812,0
237.453,0.007,-0.211,7.788,0
237.989,-0.153,-0.129,7.903,0
238.526,-0.01,-0.182,7.853,0
239.064,-0.077,-0.16,7.918,0
239.599,-0.038,-0.144,7.877,0
240.135,-0.067,-0.129,7.846,0
240.669,-0.077,-0.146,7.834,0
241.205,-0.031,-0.124,7.817,0
241.857,-0.062,-0.132,7.827,0
242.396,-0.079,-0.144,7.853,0
242.931,-0.019,-0.156,7.848,0
243.464,-0.077,-0.146,7.831,0
243.998,-0.055,-0.148,7.908,0
244.532,-0.048,-0.151,7.887,0
245.066,-0.077,-0.151,7.87,0
245.598,-0.062,-0.17,7.934,0
246.134,-0.038,-0.144,7.865,0
246.669,-0.019,-0.096,7.836,0
247.209,-0.043,-0.132,7.877,0
247.748,-0.014,-0.172,7.894,0
248.285,0.017,-0.122,7.815,0
248.824,-0.067,-0.146,7.879,0
249.36,-0.002,-0.146,7.81,0
249.896,0.002,-0.158,7.855,0
250.428,-0.074,-0.189,7.846,0
251.079,-0.019,-0.151,7.824,0
251.613,-0.043,-0.177,7.822,0
252.148,-0.029,-0.12,8.011,0
252.682,-0.024,-0.139,7.853,0
253.218,0.022,-0.163,7.942,0
253.751,0.002,-0.144,7.836,0
254.287,-0.019,-0.129,7.817,0
254.824,-0.007,-0.215,7.932,0
255.36,0.026,-0.129,7.961,0
255.897,-0.01,-0.22,7.805,0
256.431,0.007,-0.156,7.872,0
256.968,-0.11,-0.098,7.822,0
257.504,-0.057,-0.175,7.906,0
258.04,-0.022,-0.148,7.817,0
258.58,-0.026,-0.12,7.889,0
259.118,-0.01,-0.098,7.748,0
259.653,-0.093,-0.172,7.798,0
260.187,-0.055,-0.146,7.934,0
260.835,-0.043,-0.132,7.841,0
261.372,-0.038,-0.165,7.843,0
261.91,-0.034,-0.16,7.865,0
262.447,-0.045,-0.12,7.848,0
262.983,-0.05,-0.153,7.776,0
263.522,-0.065,-0.124,7.812,0
264.063,-0.048,-0.163,7.882,0
264.603,-0.084,-0.223,7.824,0
265.143,-0.01,-0.199,7.805,0
265.681,-0.05,-0.172,7.75,0
266.218,-0.062,-0.132,7.889,0
266.754,0.005,-0.144,7.894,0
267.291,-0.065,-0.165,7.819,0
267.826,-0.017,-0.146,7.865,0
268.368,-0.108,-0.17,7.839,0
268.903,0.029,-0.184,7.875,0
269.443,-0.031,-0.124,7.76,0
270.097,-0.067,-0.206,7.877,0
270.633,-0.105,-0.156,7.855,0
271.17,-0.062,-0.136,7.97,0
271.708,-0.017,-0.139,7.846,0
272.245,-0.038,-0.187,7.784,0
272.783,-0.038,-0.127,7.896,0
273.318,-0.019,-0.141,7.74,0
273.862,0.017,-0.196,7.879,0
274.404,-0.053,-0.093,7.858,0
274.948,-0.014,-0.156,7.884,0
275.49,-0.012,-0.144,7.951,0
276.035,-0.048,-0.124,7.846,0
276.578,-0.031,-0.199,7.896,0
277.125,-0.055,-0.151,7.898,0
277.665,-0.024,-0.17,7.918,0
278.204,0.002,-0.182,7.91,0
278.748,-0.055,-0.134,7.865,0
279.41,-0.086,-0.144,7.851,0
279.952,-0.072,-0.148,7.898,0
280.496,-0.057,-0.134,7.841,0
281.033,0.0,-0.187,7.92,0
281.575,-0.053,-0.132,7.954,0
282.117,-0.048,-0.136,7.807,0
282.661,-0.057,-0.156,7.839,0
283.204,-0.081,-0.196,7.822,0
283.744,-0.101,-0.146,7.882,0
284.285,-0.01,-0.12,7.879,0
284.827,-0.072,-0.105,7.812,0
285.373,-0.014,-0.153,7.87,0
285.916,-0.019,-0.139,7.87,0
286.464,-0.002,-0.163,7.894,0
287.007,-0.103,-0.153,7.834,0
287.557,-0.11,-0.151,7.898,0
288.099,-0.072,-0.175,7.812,0
288.646,-0.057,-0.156,7.831,0
289.31,-0.069,-0.122,7.807,0
289.85,-0.041,-0.139,7.731,0
290.402,-0.019,-0.136,7.977,0
290.949,-0.089,-0.089,7.784,0
291.495,-0.034,-0.127,7.884,0
292.041,-0.055,-0.168,7.901,0
292.582,-0.012,-0.17,7.779,0
293.128,-0.031,-0.199,7.887,0
293.672,-0.005,-0.132,7.836,0
294.214,-0.045,-0.074,7.796,0
294.767,-0.098,-0.18,7.841,0
295.313,-0.002,-0.206,7.853,0
295.857,-0.067,-0.144,7.896,0
296.406,-0.06,-0.148,7.87,0
296.949,-0.01,-0.144,7.875,0
297.495,-0.029,-0.227,7.896,0
298.044,-0.065,-0.23,7.74,0
298.69,0.0,-0.136,7.87,0
299.214,-0.06,-0.136,7.872,0
299.742,-0.041,-0.17,7.875,0
300.268,-0.012,-0.18,7.906,0
300.794,0.014,-0.132,7.853,0
301.323,-0.06,-0.146,7.915,0
301.851,-0.012,-0.165,7.858,0
302.381,-0.038,-0.177,7.805,0
302.91,-0.057,-0.11,7.858,0
303.442,-0.031,-0.134,7.865,0
303.976,-0.017,-0.153,7.872,0
304.504,-0.067,-0.189,7.851,0
305.031,-0.022,-0.201,7.872,0
305.556,-0.053,-0.18,7.848,0
306.085,0.022,-0.175,7.908,0
306.614,0.0,-0.254,7.846,0
307.15,-0.024,-0.148,7.848,0
307.68,-0.01,-0.177,7.87,0
308.324,-0.043,-0.156,7.937,0
308.863,-0.091,-0.194,7.867,0
309.394,-0.101,-0.156,7.829,0
309.93,-0.007,-0.091,7.894,0
310.459,-0.101,-0.103,7.846,0
310.99,-0.072,-0.127,7.875,0
311.529,-0.043,-0.215,7.86,0
312.06,-0.05,-0.223,7.908,0
312.594,-0.031,-0.153,7.836,0
313.126,-0.057,-0.172,7.879,0
313.662,-0.077,-0.201,7.944,0
314.194,-0.06,-0.098,7.896,0
314.728,-0.086,-0.165,7.851,0
315.264,-0.022,-0.122,7.851,0
315.805,-0.026,-0.127,7.934,0
316.341,-0.062,-0.151,7.939,0
316.876,-0.031,-0.132,7.879,0
317.524,-0.108,-0.144,7.863,0
318.063,-0.031,-0.139,7.853,0
318.6,-0.034,-0.211,7.863,0
319.141,-0.029,-0.204,7.817,0
319.678,-0.057,-0.187,7.937,0
320.221,-0.057,-0.189,7.877,0
320.764,-0.012,-0.165,7.879,0
321.305,-0.105,-0.153,7.772,0
321.85,-0.045,-0.122,7.788,0
322.396,-0.101,-0.16,7.872,0
322.939,-0.06,-0.163,7.822,0
323.483,-0.067,-0.148,7.858,0
324.022,-0.031,-0.206,7.824,0
324.568,-0.036,-0.122,7.903,0
325.106,-0.007,-0.144,7.887,0
325.645,-0.065,-0.175,7.875,0
326.186,-0.017,-0.141,7.877,0
326.852,-0.038,-0.225,7.887,0
327.4,-0.089,-0.18,7.848,0
327.948,-0.055,-0.122,7.839,0
328.49,-0.065,-0.213,7.942,0
329.025,-0.077,-0.235,7.8,0
329.566,0.005,-0.139,7.86,0
330.112,-0.041,-0.17,7.81,0
330.654,-0.038,-0.218,7.903,0
331.193,0.029,-0.227,7.875,0
331.739,-0.045,-0.23,8.042,0
332.278,-0.074,-0.153,7.831,0
332.818,-0.074,-0.151,7.855,0
333.361,0.0,-0.215,7.851,0
333.904,-0.072,-0.17,7.901,0
334.445,-0.134,-0.223,7.86,0
334.986,-0.012,-0.158,7.815,0
335.528,0.036,-0.127,7.968,0
336.067,-0.048,-0.17,7.817,0
336.725,-0.079,-0.189,7.685,0
337.27,-0.057,-0.122,7.819,0
337.809,0.01,-0.156,7.86,0
338.351,-0.062,-0.127,7.87,0
338.894,-0.06,-0.148,7.831,0
339.433,0.005,-0.158,7.858,0
339.976,-0.012,-0.108,7.949,0
340.519,-0.024,-0.129,7.898,0
341.058,-0.026,-0.146,7.863,0
341.6,-0.089,-0.187,7.824,0
342.139,0.031,-0.153,7.858,0
342.681,-0.055,-0.148,7.887,0
343.22,0.029,-0.172,7.87,0
343.759,-0.045,-0.134,7.934,0
344.298,-0.029,-0.043,7.882,0
344.837,-0.043,-0.151,7.848,0
345.376,-0.093,-0.172,7.807,0
345.913,0.005,-0.158,7.896,0
346.566,-0.005,-0.156,7.944,0
347.107,-0.041,-0.192,7.839,0
347.645,0.022,-0.177,7.922,0
348.185,-0.067,-0.101,7.841,0
348.726,-0.091,-0.206,7.898,0
349.272,-0.405,-0.127,8.076,0
349.81,-0.067,-0.156,7.887,0
350.35,-0.053,-0.12,7.882,0
350.891,0.007,-0.204,7.879,0
351.431,-0.041,-0.151,7.949,0
351.97,-0.072,-0.182,7.87,0
352.514,-0.113,-0.16,7.918,0
353.057,0.005,-0.201,7.855,0
353.599,-0.005,-0.158,7.781,0
354.134,-0.041,-0.218,7.87,0
354.673,-0.06,-0.201,7.992,0
355.213,-0.074,-0.146,7.707,0
355.873,0.045,-0.16,7.906,0
356.411,-0.089,-0.146,7.887,0
356.954,-0.057,-0.175,7.875,0
357.493,-0.026,-0.11,7.791,0
358.039,-0.081,-0.146,7.855,0
358.582,-0.031,-0.17,7.875,0
359.12,-0.041,-0.132,7.8,0
359.658,-0.002,-0.215,7.74,0
360.194,-0.069,-0.187,8.056,0
360.734,-0.041,-0.136,7.894,0
361.278,-0.024,-0.18,7.903,0
361.816,-0.053,-0.172,7.827,0
362.36,-0.007,-0.117,7.855,0
362.904,-0.067,-0.101,7.855,0
363.441,-0.122,-0.165,7.963,0
363.981,-0.041,-0.156,7.879,0
364.518,0.007,-0.17,7.822,0
365.067,-0.031,-0.144,7.932,0
365.733,0.002,-0.141,7.858,0
366.276,-0.024,-0.153,7.975,0
366.818,-0.045,-0.189,7.932,0
367.362,0.022,-0.115,7.982,0
367.9,-0.072,-0.187,7.906,0
368.441,-0.108,-0.148,7.831,0
368.986,-0.062,-0.098,7.865,0
369.526,-0.038,-0.158,7.882,0
370.068,0.002,-0.122,7.836,0
370.614,0.017,-0.079,7.889,0
371.155,-0.038,-0.098,7.879,0
371.694,-0.096,-0.117,7.848,0
372.236,-0.053,-0.158,7.836,0
372.779,-0.017,-0.144,7.748,0
373.323,-0.041,-0.187,7.81,0
373.865,-0.062,-0.153,7.762,0
374.405,-0.014,-0.108,7.896,0
375.051,-0.067,-0.134,7.8,0
375.58,-0.103,-0.168,7.798,0
376.107,-0.072,-0.148,7.872,0
376.637,0.0,-0.158,7.805,0
377.166,0.0,-0.141,7.901,0
377.697,-0.053,-0.103,7.815,0
378.225,-0.036,-0.187,7.887,0
378.754,-0.041,-0.115,7.92,0
379.285,-0.062,-0.108,7.803,0
379.815,-0.067,-0.158,7.87,0
380.344,-0.089,-0.182,7.776,0
380.877,-0.007,-0.18,7.819,0
381.409,-0.029,-0.168,7.848,0
381.942,-0.01,-0.146,7.848,0
382.475,-0.067,-0.134,7.879,0
383.007,-0.034,-0.165,7.875,0
383.539,0.019,-0.089,7.836,0
384.187,-0.026,-0.168,7.781,0
384.724,-0.019,-0.17,7.894,0
385.264,-0.057,-0.132,7.901,0
385.797,-0.06,-0.223,7.848,0
386.333,-0.096,-0.153,7.949,0
386.874,-0.038,-0.115,7.927,0
387.416,-0.074,-0.062,7.769,0
387.953,-0.098,-0.172,7.901,0
388.486,0.014,-0.218,7.872,0
389.022,-0.065,-0.136,7.918,0
389.554,-0.019,-0.172,7.848,0
390.091,-0.06,-0.153,7.872,0
390.625,-0.115,-0.172,7.86,0
391.158,-0.079,-0.122,7.891,0
391.692,0.084,-0.122,7.817,0
392.227,-0.093,-0.151,7.927,0
392.763,-0.017,-0.18,7.822,0
393.298,-0.029,-0.148,7.918,0
393.949,-0.002,-0.12,7.841,0
394.487,-0.029,-0.144,7.841,0
395.025,-0.079,-0.148,7.829,0
395.562,-0.048,-0.141,7.822,0
396.096,-0.048,-0.18,7.836,0
396.633,-0.091,-0.129,7.922,0
397.172,-0.017,-0.194,7.87,0
397.71,0.045,-0.139,7.887,0
398.25,-0.01,-0.129,7.879,0
398.791,-0.017,-0.153,7.882,0
399.331,-0.01,-0.263,7.858,0
399.87,-0.089,-0.132,7.807,0
400.405,-0.093,-0.127,7.863,0
400.939,0.0,-0.208,7.882,0
401.474,-0.079,-0.153,7.939,0
402.012,-0.067,-0.168,7.796,0
402.55,-0.026,-0.146,7.855,0
403.204,0.002,-0.184,7.831,0
403.738,-0.05,-0.127,7.87,0
404.275,-0.065,-0.163,7.827,0
404.809,-0.074,-0.175,7.958,0
405.343,-0.017,-0.168,7.891,0
405.883,0.0,-0.156,7.932,0
406.423,-0.122,-0.127,7.934,0
406.958,-0.017,-0.144,7.879,0
407.496,-0.081,-0.175,7.815,0
408.037,-0.031,-0.156,8.004,0
408.574,-0.053,-0.132,8.085,0
409.112,-0.041,-0.124,7.894,0
409.649,0.01,-0.156,7.86,0
410.187,-0.06,-0.187,7.949,0
410.725,-0.074,-0.192,7.872,0
411.261,-0.041,-0.132,7.867,0
411.798,-0.012,-0.17,7.872,0
412.332,-0.026,-0.182,7.851,0
412.987,-0.079,-0.194,7.793,0
413.521,-0.048,-0.139,7.889,0
414.063,0.014,-0.184,7.841,0
414.606,-0.072,-0.115,7.872,0
415.145,0.005,-0.16,7.839,0
415.687,-0.036,-0.139,7.915,0
416.229,-0.05,-0.16,7.86,0
416.768,-0.101,-0.144,7.779,0
417.307,-0.086,-0.146,7.855,0
417.845,0.041,-0.165,7.925,0
418.383,-0.007,-0.213,7.913,0
418.924,-0.019,-0.156,7.906,0
419.464,-0.036,-0.098,7.951,0
420.004,-0.053,-0.11,7.8,0
420.544,-0.024,-0.158,7.848,0
421.082,-0.038,-0.153,7.918,0
421.62,-0.079,-0.18,7.863,0
422.277,-0.108,-0.115,7.863,0
422.817,-0.022,-0.196,7.903,0
423.355,-0.01,-0.132,7.898,0
423.894,-0.01,-0.158,7.812,0
424.436,0.05,-0.184,7.827,0
424.975,-0.113,-0.086,7.745,0
425.518,-0.057,-0.165,7.86,0
426.057,-0.034,-0.156,7.937,0
426.598,-0.007,-0.132,7.752,0
427.137,0.036,-0.134,7.882,0
427.677,-0.043,-0.153,7.896,0
428.217,-0.081,-0.196,7.805,0
428.763,0.072,-0.141,7.836,0
429.304,-0.041,-0.156,7.7,0
429.848,-0.06,-0.172,7.882,0
430.387,-0.024,-0.129,7.915,0
430.926,-0.098,-0.189,7.958,0
431.468,-0.057,-0.165,7.877,0
432.129,0.022,-0.122,7.87,0
432.672,-0.034,-0.184,7.918,0
433.213,-0.01,-0.151,7.853,0
433.763,-0.065,-0.101,7.86,0
434.311,0.017,-0.146,7.779,0
434.854,-0.072,-0.144,7.954,0
435.397,-0.01,-0.148,7.855,0
435.94,-0.045,-0.184,7.74,0
436.482,-0.026,-0.189,7.839,0
437.02,0.002,-0.093,7.891,0
437.56,-0.036,-0.215,7.879,0
438.095,-0.038,-0.144,7.867,0
438.634,-0.057,-0.115,7.851,0
439.174,-0.067,-0.206,7.786,0
439.714,-0.077,-0.156,7.846,0
440.255,-0.05,-0.165,7.803,0
440.795,0.002,-0.144,7.877,0
441.458,-0.11,-0.103,7.887,0
441.999,0.024,-0.151,7.875,0
442.539,-0.036,-0.069,7.851,0
443.078,-0.11,-0.146,7.894,0
443.618,-0.043,-0.182,7.798,0
444.158,-0.038,-0.165,7.939,0
444.702,-0.067,-0.206,7.891,0
445.247,-0.065,-0.103,7.884,0
445.789,-0.057,-0.175,7.812,0
446.33,-0.017,-0.132,7.803,0
446.872,0.0,-0.199,7.843,0
447.412,-0.086,-0.096,7.875,0
447.95,-0.005,-0.115,7.942,0
448.489,-0.031,-0.148,7.822,0
449.032,-0.031,-0.127,7.788,0
449.573,-0.05,-0.139,7.858,0
450.112,-0.067,-0.189,7.822,0
450.755,-0.026,-0.151,7.922,0
451.283,-0.098,-0.146,7.92,0
451.808,-0.045,-0.177,7.829,0
452.331,-0.038,-0.153,7.906,0
452.855,-0.038,-0.103,7.853,0
453.383,-0.103,-0.124,7.769,0
453.908,-0.091,-0.144,7.836,0
454.437,-0.007,-0.16,7.882,0
454.968,-0.079,-0.144,7.865,0
455.499,-0.055,-0.163,7.875,0
456.036,-0.113,-0.156,7.872,0
456.567,-0.103,-0.16,7.884,0
457.104,-0.045,-0.18,7.925,0
457.635,-0.055,-0.206,7.81,0
458.166,-0.117,-0.144,7.922,0
458.698,-0.062,-0.124,7.879,0
459.232,-0.024,-0.17,7.851,0
459.762,-0.072,-0.098,7.92,0
460.408,-0.012,-0.189,7.872,0
460.943,0.029,-0.168,7.942,0
461.479,-0.067,-0.17,7.803,0
462.015,-0.007,-0.139,7.973,0
462.556,0.077,-0.093,7.877,0
463.091,-0.055,-0.187,7.906,0
463.628,-0.012,-0.146,7.86,0
464.165,0.057,-0.177,7.887,0
464.702,-0.014,-0.136,7.824,0
465.238,-0.017,-0.192,7.819,0
465.773,-0.057,-0.122,7.939,0
466.311,0.014,-0.165,7.879,0
466.846,-0.031,-0.196,7.819,0
467.387,-0.024,-0.18,7.815,0
467.922,0.029,-0.184,7.824,0
468.463,0.007,-0.189,7.841,0
469.005,0.0,-0.189,7.829,0
469.658,0.022,-0.093,7.877,0
470.197,0.036,-0.134,7.836,0
470.737,0.005,-0.204,7.848,0
471.273,-0.029,-0.182,7.913,0
471.809,0.029,-0.16,7.796,0
472.349,-0.031,-0.139,7.908,0
472.888,-0.01,-0.158,7.882,0
473.427,0.005,-0.187,7.781,0
473.967,-0.014,-0.098,7.831,0
474.509,0.05,-0.175,7.779,0
475.049,-0.036,-0.177,7.872,0
475.593,0.029,-0.129,7.776,0
476.134,-0.019,-0.144,7.839,0
476.678,-0.012,-0.163,7.93,0
477.218,0.072,-0.132,7.788,0
477.761,-0.041,-0.153,7.815,0
478.305,0.038,-0.139,7.827,0
478.842,0.019,-0.122,7.946,0
479.501,0.0,-0.18,7.824,0
480.04,0.036,-0.208,7.865,0
480.577,0.005,-0.11,7.846,0
481.117,0.019,-0.223,7.867,0
481.657,0.029,-0.184,7.822,0
482.191,-0.041,-0.172,7.903,0
482.735,-0.079,-0.129,7.86,0
483.274,-0.048,-0.136,7.86,0
483.812,0.036,-0.156,7.949,0
484.353,-0.045,-0.132,7.872,0
484.893,-0.031,-0.144,7.875,0
485.435,0.026,-0.206,7.839,0
485.979,0.002,-0.117,7.848,0
486.515,-0.043,-0.113,7.728,0
487.057,-0.036,-0.16,7.858,0
487.599,0.0,-0.156,7.882,0
488.143,-0.005,-0.127,7.851,0
488.803,-0.014,-0.189,7.839,0
489.342,0.019,-0.146,7.843,0
489.882,-0.045,-0.072,7.901,0
490.426,0.024,-0.122,7.865,0
490.969,0.067,-0.163,7.887,0
491.506,0.031,-0.079,7.867,0
492.047,-0.029,-0.208,7.846,0
492.587,0.014,-0.12,7.92,0
493.125,-0.019,-0.134,7.913,0
493.664,-0.067,-0.124,7.867,0
494.2,-0.014,-0.165,7.812,0
494.743,-0.005,-0.136,7.927,0
495.284,0.019,-0.151,7.839,0
495.822,0.007,-0.204,7.879,0
496.357,0.019,-0.151,7.839,0
496.898,-0.01,-0.151,7.889,0
497.433,-0.05,-0.127,7.858,0
497.972,0.0,-0.156,7.903,0
498.628,-0.024,-0.151,7.887,0
499.168,-0.053,-0.17,7.901,0
499.707,-0.05,-0.139,7.913,0
500.25,0.029,-0.153,7.796,0
500.789,-0.036,-0.124,7.91,0
501.33,0.017,-0.105,7.908,0
501.871,-0.038,-0.196,7.851,0
502.412,-0.005,-0.148,7.896,0
502.957,0.005,-0.175,7.949,0
503.499,-0.01,-0.158,7.846,0
504.04,0.036,-0.134,7.863,0
504.582,-0.007,-0.141,7.954,0
505.12,-0.024,-0.156,7.872,0
505.66,0.048,-0.122,7.951,0
506.205,0.005,-0.168,7.887,0
506.741,-0.012,-0.206,7.839,0
507.286,-0.038,-0.151,7.879,0
507.83,-0.053,-0.177,7.884,0
508.495,-0.014,-0.11,7.925,0
509.036,0.022,-0.153,7.882,0
509.575,0.086,-0.086,7.853,0
510.119,0.017,-0.156,7.846,0
510.661,-0.031,-0.074,7.875,0
511.208,-0.007,-0.11,7.829,0
511.751,0.022,-0.172,7.791,0
512.295,0.053,-0.172,7.896,0
512.838,0.01,-0.115,7.858,0
513.379,0.06,-0.117,7.843,0
513.92,-0.014,-0.189,7.822,0
514.463,-0.019,-0.151,7.776,0
515.012,-0.06,-0.168,7.872,0
515.555,-0.043,-0.158,7.944,0
516.099,0.002,-0.12,7.798,0
516.643,-0.055,-0.139,7.843,0
517.181,-0.017,-0.139,7.87,0
517.84,0.06,-0.12,7.872,0
518.38,-0.024,-0.127,7.817,0
518.918,-0.036,-0.187,7.774,0
519.458,0.057,-0.12,7.927,0
520.001,-0.045,-0.103,7.91,0
520.54,-0.041,-0.18,7.925,0
521.081,0.062,-0.199,7.879,0
521.622,-0.096,-0.127,7.882,0
522.163,0.043,-0.139,7.915,0
522.701,-0.05,-0.101,7.858,0
523.245,-0.05,-0.177,7.954,0
523.787,-0.007,-0.108,7.855,0
524.327,0.067,-0.17,7.834,0
524.865,0.012,-0.134,7.937,0
525.404,0.012,-0.105,7.898,0
525.945,0.029,-0.153,7.87,0
526.485,-0.041,-0.168,7.908,0
527.027,0.029,-0.113,7.91,0
527.674,0.017,-0.132,7.853,0
528.201,-0.048,-0.163,7.961,0
528.726,0.014,-0.113,7.858,0
529.256,0.045,-0.129,7.908,0
529.79,0.045,-0.124,7.831,0
530.321,-0.005,-0.165,7.982,0
530.856,0.012,-0.132,7.896,0
531.387,0.081,-0.17,7.934,0
531.918,-0.036,-0.134,7.867,0
532.457,-0.019,-0.139,7.848,0
532.989,0.048,-0.172,7.927,0
533.525,-0.034,-0.127,7.863,0
534.059,-0.022,-0.091,7.776,0
534.594,-0.019,-0.144,7.822,0
535.128,-0.017,-0.134,7.906,0
535.66,0.0,-0.168,7.887,0
536.197,0.048,-0.127,7.86,0
536.733,0.005,-0.172,7.851,0
537.387,0.002,-0.132,7.903,0
537.922,-0.062,-0.177,7.982,0
538.463,0.031,-0.199,7.949,0
539.0,-0.007,-0.101,7.98,0
539.533,0.019,-0.136,7.949,0
540.071,-0.024,-0.196,7.93,0
540.609,0.002,-0.117,8.013,0
541.145,0.065,-0.163,7.879,0
541.678,0.036,-0.201,7.824,0
542.214,0.024,-0.101,7.901,0
542.749,0.043,-0.115,7.815,0
543.282,-0.014,-0.122,7.829,0
543.818,-0.022,-0.113,7.915,0
544.352,-0.005,-0.122,7.903,0
544.886,0.019,-0.148,7.841,0
545.421,-0.007,-0.132,7.791,0
545.957,0.022,-0.144,7.855,0
546.613,-0.105,-0.096,7.762,0
547.154,0.05,-0.153,7.822,0
547.693,-0.048,-0.132,7.827,0
548.233,-0.084,-0.163,7.846,0
548.772,-0.022,-0.096,7.724,0
549.312,-0.014,-0.168,7.851,0
549.852,0.002,-0.144,7.891,0
550.39,0.067,-0.16,7.717,0
550.931,0.038,-0.194,7.855,0
551.468,0.101,-0.151,7.757,0
552.006,-0.024,-0.146,7.776,0
552.543,0.005,-0.134,7.863,0
553.084,-0.077,-0.132,7.796,0
553.622,0.002,-0.103,7.86,0
554.158,0.036,-0.124,7.932,0
554.697,0.002,-0.163,7.843,0
555.238,0.022,-0.163,7.867,0
555.775,-0.043,-0.151,7.872,0
556.434,-0.019,-0.192,7.793,0
556.974,-0.041,-0.132,7.898,0
557.511,-0.029,-0.16,7.863,0
558.052,-0.005,-0.067,7.827,0
558.592,0.031,-0.11,7.877,0
559.13,-0.036,-0.187,7.898,0
559.667,-0.048,-0.148,7.908,0
560.209,-0.05,-0.113,7.87,0
560.748,0.007,-0.101,7.796,0
561.287,-0.017,-0.151,7.944,0
561.824,-0.024,-0.098,7.908,0
562.361,0.01,-0.16,7.867,0
562.904,0.002,-0.182,7.91,0
563.442,0.036,-0.117,7.884,0
563.981,-0.007,-0.086,7.944,0
564.519,0.002,-0.165,7.8,0
565.057,-0.005,-0.16,7.915,0
565.71,-0.034,-0.139,7.894,0
566.248,0.048,-0.117,7.937,0
566.788,-0.029,-0.101,7.851,0
567.327,-0.036,-0.151,7.93,0
567.866,0.038,-0.141,7.939,0
568.404,-0.012,-0.122,7.901,0
568.941,0.007,-0.108,7.851,0
569.477,0.005,-0.184,7.843,0
570.015,-0.024,-0.103,7.815,0
570.553,0.022,-0.132,7.846,0
571.093,-0.062,-0.211,7.915,0
571.631,-0.031,-0.141,7.989,0
572.171,-0.024,-0.199,7.894,0
572.715,0.017,-0.199,7.906,0
573.255,-0.005,-0.132,7.767,0
573.795,-0.067,-0.235,7.93,0
574.336,-0.002,-0.184,7.882,0
574.876,0.014,-0.175,7.776,0
575.542,-0.029,-0.156,7.884,0
576.086,-0.045,-0.129,7.791,0
576.625,0.036,-0.18,7.831,0
577.17,-0.005,-0.132,7.831,0
577.712,0.026,-0.122,7.93,0
578.25,0.007,-0.175,7.867,0
578.791,0.022,-0.165,7.961,0
579.333,-0.022,-0.096,7.934,0
579.875,-0.038,-0.201,7.951,0
580.416,-0.079,-0.208,7.788,0
580.956,0.005,-0.148,7.762,0
581.493,0.065,-0.165,7.865,0
582.035,-0.034,-0.17,7.939,0
582.574,-0.029,-0.218,7.877,0
583.113,-0.007,-0.17,7.918,0
583.654,-0.019,-0.115,7.932,0
584.201,-0.053,-0.165,7.8,0
584.869,-0.012,-0.146,7.903,0
585.411,0.005,-0.144,7.843,0
585.954,0.034,-0.156,7.851,0
586.497,0.072,-0.146,7.846,0
587.039,-0.019,-0.182,7.798,0
587.582,-0.022,-0.196,7.922,0
588.123,0.031,-0.215,7.824,0
588.662,-0.01,-0.17,7.903,0
589.206,0.012,-0.177,7.815,0
589.746,0.005,-0.199,7.891,0
590.291,-0.031,-0.132,7.932,0
590.838,0.081,-0.151,7.807,0
591.382,0.041,-0.211,7.942,0
591.928,-0.029,-0.215,7.843,0
592.474,-0.043,-0.146,7.858,0
593.022,0.079,-0.201,7.918,0
593.573,0.0,-0.134,7.872,0
594.123,-0.005,-0.227,7.807,0
594.797,0.024,-0.163,7.827,0
595.34,-0.014,-0.115,7.846,0
595.888,0.017,-0.153,7.817,0
596.432,-0.036,-0.184,7.784,0
596.973,0.022,-0.156,7.839,0
597.515,0.01,-0.127,7.817,0
598.061,0.024,-0.146,7.8,0
598.609,-0.014,-0.153,7.875,0
599.155,-0.077,-0.196,7.76,0
599.699,0.012,-0.239,7.843,0
600.249,-0.057,-0.115,7.87,0
600.796,0.01,-0.122,8.047,0
601.344,0.005,-0.175,7.922,0
601.89,0.022,-0.16,7.829,0
602.431,-0.012,-0.146,7.937,0
602.978,-0.029,-0.113,7.805,0
603.518,0.005,-0.175,7.882,0
604.068,0.05,-0.177,7.877,0
604.665,-0.05,-0.151,7.891,0
605.193,0.026,-0.146,7.812,0
605.724,0.026,-0.163,7.834,0
606.256,0.108,-0.18,8.03,0
606.788,-0.029,-0.055,7.951,0
607.323,-0.036,-0.079,7.817,0
607.857,-0.022,-0.177,7.846,0
608.389,-0.05,-0.187,7.853,0
608.923,-0.026,-0.194,7.93,0
609.458,-0.022,-0.127,7.733,0
609.996,0.005,-0.165,7.879,0
610.531,-0.043,-0.098,7.86,0
611.065,-0.007,-0.184,7.958,0
611.601,-0.045,-0.16,7.918,0
612.134,-0.017,-0.096,7.903,0
612.668,0.036,-0.192,7.891,0
613.204,-0.034,-0.148,7.779,0
613.855,0.0,-0.103,7.774,0
614.389,-0.091,-0.168,7.898,0
614.921,0.072,-0.11,7.903,0
615.454,0.043,-0.139,7.824,0
615.987,0.005,-0.132,7.846,0
616.523,0.012,-0.192,7.827,0
617.058,-0.158,-0.153,7.918,0
617.594,-0.022,-0.134,7.853,0
618.128,-0.144,-0.136,7.805,0
618.662,0.031,-0.204,7.791,0
619.194,-0.069,-0.158,7.836,0
619.728,0.038,-0.074,7.841,0
620.265,-0.048,-0.201,7.836,0
620.799,0.005,-0.12,7.805,0
621.336,-0.055,-0.122,7.786,0
621.873,0.036,-0.151,7.853,0
622.412,0.002,-0.127,7.932,0
622.95,0.091,-0.153,7.91,0
623.602,-0.043,-0.189,7.805,0
624.14,0.014,-0.148,7.875,0
624.678,0.029,-0.184,7.879,0
625.219,0.012,-0.113,7.908,0
625.756,-0.002,-0.129,7.891,0
626.292,-0.017,-0.16,7.853,0
626.83,0.002,-0.12,7.824,0
627.366,-0.031,-0.151,7.822,0
627.904,0.005,-0.177,7.867,0
628.443,-0.022,-0.187,7.927,0
628.979,-0.043,-0.18,7.858,0
629.518,0.007,-0.117,7.922,0
630.054,0.031,-0.144,7.918,0
630.591,-0.029,-0.144,7.858,0
631.126,-0.067,-0.158,7.872,0
631.669,0.022,-0.134,7.853,0
632.208,0.019,-0.17,7.93,0
632.866,-0.01,-0.086,7.846,0
633.407,0.002,-0.151,7.87,0
633.946,-0.01,-0.16,7.894,0
634.488,0.055,-0.189,7.87,0
635.029,-0.007,-0.105,7.985,0
635.568,-0.036,-0.139,7.793,0
636.107,0.029,-0.204,7.92,0
636.645,0.045,-0.156,7.894,0
637.186,0.026,-0.165,7.803,0
637.728,-0.01,-0.153,7.891,0
638.268,-0.007,-0.163,7.819,0
638.807,0.026,-0.18,7.81,0
639.347,0.022,-0.146,7.86,0
639.887,0.017,-0.127,7.851,0
640.428,-0.031,-0.136,7.865,0
640.969,-0.034,-0.163,7.817,0
641.509,0.0,-0.136,7.824,0
642.048,0.029,-0.182,7.927,0
642.717,0.022,-0.177,7.817,0
643.261,-0.038,-0.098,7.748,0
643.803,0.053,-0.175,7.817,0
644.342,-0.01,-0.187,7.891,0
644.884,0.017,-0.199,7.92,0
645.427,-0.014,-0.184,7.855,0
645.969,-0.022,-0.134,7.915,0
646.507,-0.204,-0.153,7.867,0
647.048,0.005,-0.086,7.831,0
647.594,-0.017,-0.194,7.93,0
648.138,0.002,-0.16,7.87,0
648.689,0.007,-0.127,7.863,0
649.233,-0.029,-0.153,7.819,0
649.777,-0.019,-0.201,7.894,0
650.322,-0.043,-0.134,7.889,0
650.866,-0.038,-0.177,7.796,0
651.408,0.031,-0.165,7.776,0
651.951,0.096,-0.172,7.898,0
652.623,-0.017,-0.151,7.889,0
653.166,-0.026,-0.158,7.954,0
653.713,0.024,-0.247,7.889,0
654.253,-0.012,-0.096,7.87,0
654.799,-0.067,-0.127,7.87,0
655.343,0.031,-0.156,7.91,0
655.89,0.043,-0.117,7.91,0
656.434,-0.022,-0.165,7.841,0
656.98,-0.036,-0.177,7.877,0
657.524,0.065,-0.127,7.846,0
658.066,-0.057,-0.127,7.927,0
658.608,-0.077,-0.12,7.927,0
659.151,-0.062,-0.158,7.803,0
659.7,-0.024,-0.117,7.872,0
660.243,0.101,-0.168,7.877,0
660.785,0.055,-0.168,7.872,0
661.326,-0.029,-0.163,7.867,0
661.993,-0.053,-0.12,7.867,0
662.537,-0.007,-0.108,7.91,0
663.082,-0.01,-0.101,7.863,0
663.627,0.005,-0.146,7.839,0
664.172,0.007,-0.165,7.8,0
664.714,-0.019,-0.139,7.81,0
665.259,0.0,-0.11,7.829,0
665.802,0.007,-0.196,7.93,0
666.347,0.043,-0.158,7.872,0
666.891,-0.026,-0.11,7.829,0
667.44,0.043,-0.184,7.877,0
667.985,-0.007,-0.156,7.918,0
668.535,0.038,-0.211,7.913,0
669.083,0.079,-0.105,7.898,0
669.626,0.024,-0.187,7.91,0
670.174,-0.014,-0.206,7.774,0
670.722,0.065,-0.182,7.894,0
671.267,-0.002,-0.153,7.93,0
671.933,0.012,-0.168,7.877,0
672.481,-0.043,-0.17,7.949,0
673.025,-0.069,-0.139,7.879,0
673.572,0.0,-0.096,7.839,0
674.115,0.005,-0.148,7.872,0
674.659,0.019,-0.163,7.755,0
675.204,0.048,-0.17,7.882,0
675.746,-0.01,-0.172,7.999,0
676.292,-0.029,-0.17,7.939,0
676.835,0.038,-0.18,7.903,0
677.382,-0.079,-0.189,7.903,0
677.921,0.007,-0.158,7.975,0
678.461,-0.045,-0.144,7.963,0
679.008,-0.029,-0.12,7.913,0
679.558,0.014,-0.189,7.824,0
680.105,-0.038,-0.122,7.793,0
680.65,-0.005,-0.139,7.815,0
681.192,0.014,-0.132,7.898,0
681.839,0.0,-0.096,7.843,0
682.369,0.113,-0.158,7.93,0
682.899,0.012,-0.12,7.927,0
683.432,-0.031,-0.156,7.875,0
683.968,0.098,-0.144,7.932,0
684.503,-0.002,-0.184,7.767,0
685.038,-0.034,-0.129,7.875,0
685.569,0.067,-0.163,7.834,0
686.104,-0.026,-0.132,7.863,0
686.636,-0.002,-0.165,7.949,0
687.166,0.005,-0.201,7.822,0
687.699,0.017,-0.18,7.757,0
688.233,0.007,-0.206,7.946,0
688.764,-0.007,-0.17,7.822,0
689.297,0.053,-0.146,7.882,0
689.833,0.038,-0.136,7.92,0
690.369,0.019,-0.18,7.877,0
691.016,0.053,-0.151,7.889,0
691.552,-0.043,-0.148,7.939,0
692.088,-0.031,-0.122,7.819,0
692.627,-0.017,-0.12,7.824,0
693.165,-0.007,-0.132,7.951,0
693.698,0.057,-0.16,7.851,0
694.235,0.024,-0.122,7.87,0
694.772,0.007,-0.175,7.867,0
695.308,-0.012,-0.105,7.748,0
695.846,0.036,-0.127,7.846,0
696.378,-0.053,-0.129,7.815,0
696.917,0.014,-0.16,7.851,0
697.458,-0.017,-0.124,7.865,0
698.0,0.034,-0.127,7.867,0
698.543,-0.077,-0.146,7.875,0
699.084,0.014,-0.129,7.867,0
699.623,-0.024,-0.12,7.906,0
700.166,-0.019,-0.175,7.798,0
700.827,-0.048,-0.146,7.889,0
701.368,0.022,-0.141,7.898,0
701.907,0.029,-0.153,7.875,0
702.448,-0.067,-0.127,7.951,0
702.988,0.014,-0.163,7.896,0
703.528,-0.014,-0.184,7.846,0
704.077,0.014,-0.122,7.817,0
704.621,-0.034,-0.151,7.91,0
705.161,-0.017,-0.175,7.851,0
705.707,0.045,-0.132,7.877,0
706.255,-0.065,-0.151,7.87,0
706.801,0.01,-0.146,7.93,0
707.347,-0.031,-0.163,7.796,0
707.893,0.036,-0.218,7.834,0
708.434,-0.005,-0.115,7.829,0
708.98,0.01,-0.187,7.829,0
709.524,-0.043,-0.115,7.906,0
710.186,-0.005,-0.18,7.8,0
710.732,-0.036,-0.148,7.891,0
711.277,0.005,-0.129,7.92,0
711.82,0.017,-0.129,7.875,0
712.367,-0.019,-0.124,7.894,0
712.913,0.005,-0.093,8.013,0
713.454,0.036,-0.122,7.831,0
713.995,0.005,-0.132,7.87,0
714.535,0.0,-0.156,7.966,0
715.08,-0.038,-0.235,7.894,0
715.626,0.022,-0.192,7.831,0
716.172,0.01,-0.153,7.805,0
716.716,0.024,-0.146,7.81,0
717.264,-0.026,-0.18,7.839,0
717.807,0.019,-0.139,7.939,0
718.351,-0.045,-0.177,7.913,0
718.9,-0.017,-0.175,7.839,0
719.445,-0.026,-0.215,7.896,0
720.119,-0.022,-0.113,7.827,0
720.668,0.069,-0.141,7.815,0
721.219,0.007,-0.134,7.848,0
721.768,0.007,-0.132,7.86,0
722.319,0.017,-0.139,7.839,0
722.869,0.038,-0.139,7.836,0
723.418,-0.002,-0.096,7.92,0
723.963,-0.019,-0.158,7.925,0
724.518,-0.067,-0.12,7.894,0
725.065,0.045,-0.215,7.937,0
725.618,-0.01,-0.17,7.848,0
726.166,0.024,-0.177,7.867,0
726.716,-0.029,-0.156,7.807,0
727.264,-0.012,-0.158,7.884,0
727.815,0.007,-0.105,8.006,0
728.37,0.0,-0.184,7.86,0
728.92,0.038,-0.199,7.973,0
729.465,0.034,-0.194,7.769,0
730.145,-0.007,-0.16,7.786,0
730.696,0.093,-0.103,7.827,0
731.244,0.036,-0.129,7.875,0
731.791,-0.01,-0.158,7.839,0
732.34,0.019,-0.127,7.764,0
732.891,-0.017,-0.062,7.805,0
733.439,0.01,-0.139,7.91,0
733.991,0.05,-0.189,7.992,0
734.541,-0.074,-0.201,7.946,0
735.093,-0.007,-0.136,7.882,0
735.647,0.026,-0.136,7.884,0
736.199,0.055,-0.12,7.851,0
736.75,-0.022,-0.115,7.839,0
737.306,0.019,-0.141,7.738,0
737.855,-0.014,-0.177,7.954,0
738.412,0.05,-0.239,7.848,0
738.96,0.055,-0.192,7.819,0
739.51,0.01,-0.172,7.901,0
740.193,-0.019,-0.196,7.92,0
740.751,0.012,-0.115,7.87,0
741.304,0.029,-0.148,7.939,0
741.857,-0.005,-0.12,7.92,0
742.413,0.007,-0.18,7.958,0
742.965,-0.031,-0.177,7.829,0
743.517,-0.062,-0.182,7.817,0
744.072,-0.036,-0.153,7.954,0
744.622,-0.007,-0.141,7.819,0
745.17,0.007,-0.206,7.841,0
745.729,0.002,-0.144,7.867,0
746.284,-0.007,-0.177,7.915,0
746.839,0.0,-0.187,7.817,0
747.394,0.007,-0.134,7.822,0
747.948,-0.022,-0.108,7.865,0
748.5,-0.022,-0.127,7.836,0
749.052,0.055,-0.156,7.925,0
749.603,0.002,-0.18,8.011,0
750.291,0.01,-0.148,7.889,0
750.845,0.007,-0.165,7.858,0
751.397,0.062,-0.194,7.908,0
751.952,-0.012,-0.227,7.786,0
752.504,0.029,-0.172,7.882,0
753.056,0.01,-0.17,7.798,0
753.61,0.0,-0.122,7.831,0
7.524,0.596,-0.096,8.229,0
8.077,0.651,-0.141,7.812,0
8.626,0.417,0.093,7.807,0
9.217,0.668,-0.151,7.867,0
9.765,0.658,-0.098,7.982,0
10.322,0.644,-0.127,7.798,0
10.876,0.685,-0.136,7.944,0
11.427,-3.409,-1.772,6.718,0
11.977,-8.605,1.477,-1.01,0
12.429,-9.287,1.037,-2.825,1
12.982,-9.44,0.702,-2.076,1
13.642,-9.335,0.536,-1.398,1
14.174,-7.781,-0.235,2.164,0
14.703,-2.966,-1.587,7.242,0
15.239,0.28,-0.73,7.489,0
15.77,0.713,-0.168,7.848,0
16.305,0.579,-0.223,7.877,0
16.836,0.417,-0.182,8.092,0
17.368,0.476,-0.256,7.781,0
17.898,0.546,-0.172,7.867,0
18.431,0.491,-0.184,7.91,0
18.967,0.417,-0.146,7.906,0
19.496,0.572,-0.158,7.858,0
20.03,0.539,-0.132,7.851,0
20.563,0.46,-0.16,7.946,0
21.094,0.596,-0.117,7.865,0
21.63,0.543,-0.263,7.805,0
22.166,0.603,-0.204,7.853,0
22.708,0.56,-0.17,7.913,0
23.249,0.534,-0.172,7.829,0
23.869,0.553,-0.213,7.896,0
24.41,0.575,-0.153,7.764,0
24.949,0.536,-0.153,7.784,0
25.485,0.479,-0.165,7.865,0
26.025,0.522,-0.146,7.887,0
26.565,0.491,-0.237,7.865,0
27.099,0.529,-0.156,7.903,0
27.634,0.536,-0.158,7.898,0
28.171,0.512,-0.136,7.872,0
28.708,0.546,-0.148,7.841,0
29.248,0.575,-0.132,7.898,0
29.788,0.555,-0.172,7.882,0
30.326,0.532,-0.151,7.894,0
30.862,0.577,-0.201,7.903,0
31.404,-0.206,-1.228,7.434,0
31.94,-8.945,0.795,-1.209,0
32.378,-9.275,0.826,-1.788,1
32.923,-9.72,0.85,-1.865,1
33.588,-9.685,-0.532,0.694,1
34.132,-8.978,0.067,0.486,1
34.573,-9.124,-0.031,0.443,1
35.117,-9.076,-0.172,0.213,1
35.658,-9.428,-0.029,0.419,1
36.196,-9.074,0.101,0.345,1
36.74,-8.918,0.034,-0.141,1
37.18,-8.938,0.098,0.089,1
37.623,-9.05,0.093,-0.079,1
38.165,-8.997,0.043,-0.108,1
38.609,-9.191,-0.014,0.031,1
39.15,-9.043,-0.041,0.271,1
39.691,-9.203,0.12,0.441,1
40.231,0.654,-3.012,7.719,0
40.767,0.096,-0.467,7.846,0
41.311,0.651,-0.141,7.86,0
41.852,-7.24,-0.488,3.749,0
42.393,-9.057,-0.06,-0.026,1
43.07,-8.93,0.357,0.697,1
43.516,-1.3,0.316,7.642,0
44.063,0.654,-0.074,7.805,0
44.606,0.613,-0.05,7.946,0
45.151,0.567,-0.05,7.834,0
45.695,0.627,-0.192,8.255,0
46.241,-8.124,0.034,0.771,0
46.787,-8.995,-0.113,1.161,0
47.233,-8.717,-0.534,1.451,0
47.678,-8.365,0.328,-0.259,0
48.225,-9.297,0.335,-1.135,1
48.77,-8.363,0.625,0.239,0
49.318,4.08,-2.847,12.658,0
49.86,0.532,-0.912,7.439,0
50.41,0.852,0.333,7.731,0
50.955,0.702,-0.11,7.968,0
51.508,0.63,-0.18,7.92,0
52.055,0.618,-0.105,7.989,0
52.606,0.651,-0.024,7.846,0
53.282,0.656,-0.189,7.858,0
53.834,0.737,-0.189,7.918,0
54.384,0.685,-0.194,7.91,0
54.931,0.68,-0.151,7.834,0
55.485,0.675,-0.136,7.791,0
56.036,0.615,-0.117,7.951,0
56.59,0.639,-0.148,7.762,0
57.136,0.692,-0.132,7.867,0
57.682,0.661,-0.127,7.922,0
58.233,0.589,-0.153,7.846,0
58.784,0.69,-0.124,7.906,0
59.333,0.618,-0.17,7.922,0
59.883,0.62,-0.093,7.913,0
60.435,0.632,-0.163,7.937,0
60.979,0.488,-0.072,7.958,0
61.533,0.618,-0.153,7.903,0
62.083,0.68,-0.175,7.755,0
62.632,0.644,-0.117,7.853,0
63.299,0.658,-0.101,7.705,0
63.85,0.649,-0.17,8.305,0
64.397,0.699,-0.129,8.021,0
64.942,0.594,-0.141,7.851,0
65.483,0.656,0.23,7.618,0
66.031,0.618,-0.16,7.75,0
66.578,0.74,-0.213,7.755,0
67.124,0.611,-0.168,7.908,0
67.669,0.632,-0.182,8.286,0
68.221,0.761,-0.192,7.819,0
68.769,0.754,-0.22,7.867,0
69.324,0.558,-0.103,8.231,0
69.873,0.589,-0.127,8.033,0
70.42,0.642,-0.17,7.915,0
70.967,0.666,-0.218,8.155,0
71.514,0.625,-0.163,7.889,0
72.059,0.608,-0.074,8.143,0
72.607,0.694,-0.16,7.863,0
73.156,0.661,-0.165,7.879,0
73.827,0.721,-0.144,7.961,0
74.376,0.632,-0.204,7.831,0
74.924,0.644,-0.18,7.913,0
75.47,0.682,-0.136,7.882,0
76.022,0.678,-0.172,7.853,0
76.575,0.613,-0.014,7.786,0
77.122,0.663,-0.172,7.939,0
77.669,0.747,-0.18,7.963,0
78.217,0.632,-0.153,7.774,0
78.765,0.871,-0.192,7.918,0
79.318,0.654,-0.148,7.958,0
79.869,0.807,-0.251,8.061,0
80.412,0.761,-0.156,7.831,0
80.958,0.663,-0.17,7.786,0
81.505,1.13,-0.105,7.726,0
82.056,0.697,-0.148,7.954,0
82.608,0.644,-0.182,7.932,0
83.169,0.986,-0.158,7.805,0
83.849,0.685,-0.069,7.908,0
84.398,0.642,-0.029,7.908,0
84.95,0.678,-0.053,7.843,0
85.5,0.546,-0.029,7.712,0
86.057,0.721,-0.034,7.992,0
86.614,0.656,0.019,7.93,0
87.166,0.687,0.0,7.812,0
87.719,0.833,-0.151,8.092,0
88.275,0.603,-0.098,7.915,0
88.824,0.702,-0.177,7.851,0
89.377,0.704,-0.136,7.939,0
89.926,0.694,-0.134,7.894,0
90.48,0.639,-0.175,7.937,0
91.039,0.704,-0.16,7.824,0
91.595,0.687,-0.127,7.891,0
92.151,0.781,-0.074,7.875,0
92.707,0.622,-0.141,7.879,0
93.26,0.651,-0.115,7.769,0
93.813,0.721,-0.146,7.896,0
94.485,0.558,-0.122,7.848,0
95.017,0.713,-0.146,7.853,0
95.552,0.646,-0.227,7.934,0
96.082,0.668,-0.055,7.896,0
96.618,0.687,-0.136,7.872,0
97.155,0.702,-0.194,7.882,0
97.696,0.718,-0.069,7.867,0
98.232,0.706,-0.077,7.973,0
98.77,0.824,-0.103,7.757,0
99.307,0.639,-0.177,7.822,0
99.839,0.673,-0.182,7.796,0
100.375,0.699,-0.196,8.028,0
100.913,0.651,-0.117,7.954,0
101.452,0.69,-0.134,7.877,0
101.992,0.644,-0.136,7.853,0
102.525,0.713,-0.084,7.798,0
103.061,0.706,-0.105,7.879,0
103.6,0.706,-0.16,7.86,0
104.26,0.656,-0.148,7.973,0
104.803,0.733,-0.127,7.896,0
105.34,0.678,-0.144,7.798,0
105.879,0.716,-0.146,7.858,0
106.417,0.687,-0.134,7.896,0
106.96,0.682,-0.089,7.743,0
107.5,0.694,-0.139,7.939,0
108.044,0.706,-0.206,7.879,0
108.578,0.627,-0.23,8.107,0
109.119,0.651,-0.113,7.891,0
109.661,0.687,-0.115,7.887,0
110.204,0.673,-0.144,7.903,0
110.744,0.632,-0.096,7.731,0
111.285,0.699,-0.16,7.901,0
111.821,0.721,-0.127,7.81,0
112.361,0.687,-0.194,7.903,0
112.897,0.678,-0.168,7.918,0
113.437,0.713,-0.122,7.889,0
114.099,0.678,-0.218,7.963,0
114.641,0.639,-0.077,7.834,0
115.186,0.668,-0.16,7.908,0
115.727,0.702,-0.136,7.966,0
116.269,0.718,-0.129,7.86,0
116.81,0.675,-0.122,7.877,0
117.346,0.692,-0.175,7.875,0
117.89,0.699,-0.072,7.91,0
118.43,0.663,-0.096,7.894,0
118.971,0.611,-0.168,7.894,0
119.513,0.673,-0.081,7.87,0
120.05,0.618,-0.105,7.922,0
120.592,0.699,-0.122,7.863,0
121.129,0.642,-0.101,7.843,0
121.67,0.678,-0.148,7.927,0
122.207,0.663,-0.17,7.922,0
122.747,0.534,-0.16,7.786,0
123.288,0.69,-0.101,7.949,0
123.947,0.661,-0.153,7.93,0
124.489,0.675,-0.091,7.87,0
125.036,0.709,-0.065,7.951,0
125.579,0.666,-0.163,7.875,0
126.12,0.613,-0.146,8.207,0
126.665,0.603,-0.093,7.891,0
127.208,0.716,-0.17,7.867,0
127.748,0.709,-0.208,7.934,0
128.296,0.692,-0.163,7.812,0
128.837,0.654,-0.11,7.872,0
129.377,0.747,-0.163,7.8,0
129.917,0.682,-0.199,7.815,0
130.459,0.642,-0.148,7.913,0
130.997,0.656,-0.172,7.968,0
131.539,0.622,-0.148,7.889,0
132.077,0.658,-0.163,7.879,0
132.621,0.678,-0.124,7.985,0
133.165,0.651,-0.045,7.829,0
133.833,0.678,-0.117,8.009,0
134.377,0.67,-0.144,7.925,0
134.919,0.661,-0.115,7.86,0
135.465,0.625,-0.127,7.877,0
136.016,0.658,-0.16,7.913,0
136.567,0.615,-0.172,7.954,0
137.11,0.57,-0.115,7.884,0
137.651,0.654,-0.172,7.906,0
138.193,0.642,-0.141,7.786,0
138.731,0.668,-0.151,7.956,0
139.27,0.702,-0.177,7.757,0
139.81,0.721,-0.153,7.863,0
140.35,0.673,-0.136,7.918,0
140.895,0.702,-0.153,7.843,0
141.431,0.587,-0.136,7.891,0
141.976,0.785,-0.192,7.937,0
142.521,0.656,-0.168,7.745,0
143.062,0.67,-0.148,7.827,0
143.72,0.663,-0.168,7.872,0
144.266,0.67,-0.156,7.858,0
144.808,0.649,-0.139,7.891,0
145.357,0.68,-0.151,7.87,0
145.905,0.745,-0.172,7.836,0
146.446,0.716,-0.093,7.946,0
146.986,0.692,-0.189,7.879,0
147.526,0.663,-0.124,7.858,0
148.071,0.68,-0.117,7.92,0
148.616,0.694,-0.177,7.851,0
149.162,0.666,-0.089,8.018,0
149.708,0.687,-0.16,7.829,0
150.252,0.692,-0.11,7.92,0
150.8,0.69,-0.172,7.822,0
151.35,0.752,-0.127,7.836,0
151.892,0.704,-0.124,7.836,0
152.431,0.718,-0.139,7.853,0
152.975,0.642,-0.192,7.865,0
153.643,0.668,-0.129,7.91,0
154.191,0.725,-0.144,7.891,0
154.732,0.725,-0.113,7.925,0
155.273,0.467,-0.108,7.819,0
155.82,0.642,-0.115,8.04,0
156.363,0.62,-0.141,7.872,0
156.906,0.759,-0.036,7.807,0
157.442,0.651,-0.115,7.922,0
157.985,0.704,-0.117,7.913,0
158.526,0.728,-0.101,7.858,0
159.079,0.656,-0.074,7.906,0
159.625,0.69,-0.108,7.867,0
160.17,0.622,-0.16,7.915,0
160.718,0.761,-0.098,7.738,0
161.266,0.692,-0.089,7.903,0
161.817,0.699,-0.18,7.834,0
162.365,0.721,-0.144,7.934,0
162.911,0.654,-0.139,7.803,0
163.576,0.687,-0.098,7.906,0
164.125,0.733,-0.17,7.927,0
164.668,0.62,-0.141,7.791,0
165.212,0.678,-0.127,7.992,0
165.759,0.615,-0.168,7.903,0
166.307,0.591,-0.153,7.896,0
166.851,0.704,-0.189,7.896,0
167.396,0.711,-0.194,7.937,0
167.942,0.651,-0.096,7.851,0
168.483,0.639,-0.201,7.865,0
169.035,0.716,-0.136,7.8,0
169.584,0.67,-0.165,7.992,0
170.132,0.654,-0.136,7.827,0
170.681,0.685,-0.17,7.822,0
171.228,0.666,-0.175,7.918,0
171.778,0.733,-0.151,7.927,0
172.33,0.788,-0.098,7.887,0
172.875,0.622,-0.139,7.819,0
173.533,0.668,-0.144,7.788,0
174.066,0.649,-0.17,7.927,0
174.597,0.625,-0.113,7.87,0
175.128,0.687,-0.124,7.827,0
175.666,0.687,-0.093,7.961,0
176.198,0.632,-0.132,8.013,0
176.733,0.692,-0.129,7.863,0
177.263,0.467,-0.048,7.975,0
177.796,0.644,-0.11,7.8,0
178.33,0.666,-0.122,7.91,0
178.863,0.682,-0.129,7.875,0
179.396,0.651,-0.069,7.884,0
179.926,0.685,-0.127,7.942,0
180.457,0.63,-0.093,7.839,0
180.993,0.656,-0.089,7.887,0
181.528,0.678,-0.129,7.92,0
182.067,0.704,-0.129,7.951,0
182.6,0.694,-0.158,7.851,0
183.254,0.69,-0.156,7.908,0
183.789,0.649,-0.129,7.951,0
184.327,0.666,-0.12,7.829,0
184.862,0.697,-0.177,7.954,0
185.397,0.603,-0.165,7.891,0
185.93,0.721,-0.129,7.891,0
186.467,0.699,-0.148,7.863,0
187.003,0.599,-0.139,7.877,0
187.542,0.673,-0.144,7.903,0
188.079,0.673,-0.129,7.973,0
188.614,0.642,-0.139,7.791,0
189.15,0.637,-0.115,7.836,0
189.692,0.618,-0.158,7.896,0
190.226,0.692,-0.096,7.894,0
190.761,0.611,-0.098,7.92,0
191.298,0.644,-0.139,7.908,0
191.829,0.67,-0.103,7.918,0
192.363,0.675,-0.093,7.915,0
193.018,0.625,-0.079,7.812,0
193.554,0.706,-0.096,7.92,0
194.091,0.668,-0.132,7.836,0
194.628,0.67,-0.141,7.843,0
195.163,0.68,-0.117,7.824,0
195.697,0.661,-0.122,7.829,0
196.236,0.639,-0.136,7.853,0
196.775,0.606,-0.187,7.839,0
197.31,0.699,-0.158,7.913,0
197.844,0.709,-0.132,7.851,0
198.382,0.658,-0.16,7.863,0
198.921,0.687,-0.172,7.922,0
199.458,0.644,-0.144,7.769,0
199.999,0.654,-0.093,7.918,0
200.533,0.649,-0.101,7.855,0
201.07,0.675,-0.12,7.91,0
201.613,0.668,-0.124,7.896,0
202.154,0.632,-0.141,7.855,0
202.81,0.709,-0.062,7.858,0
203.353,0.644,-0.129,7.963,0
203.893,0.646,-0.122,7.752,0
204.431,0.67,-0.117,7.925,0
204.968,0.699,-0.16,7.925,0
205.507,0.658,-0.18,7.8,0
206.048,0.716,-0.093,7.975,0
206.586,0.646,-0.172,7.815,0
207.125,0.656,-0.098,7.846,0
207.662,0.599,-0.117,7.863,0
208.204,0.651,-0.168,7.855,0
208.743,0.694,-0.11,7.841,0
209.281,0.675,-0.172,7.898,0
209.824,0.692,-0.153,7.944,0
210.368,0.639,-0.134,8.018,0
210.909,0.632,-0.113,7.774,0
211.448,0.675,-0.117,7.887,0
211.989,0.666,-0.089,7.92,0
212.657,0.599,-0.175,7.863,0
213.197,0.663,-0.199,7.887,0
213.744,0.62,-0.129,7.834,0
214.286,0.692,-0.117,7.968,0
214.828,0.692,-0.158,7.906,0
215.373,0.673,-0.136,7.98,0
215.917,0.687,-0.17,7.836,0
216.459,0.678,-0.148,7.817,0
217.002,0.713,-0.117,7.863,0
217.541,0.694,-0.163,7.891,0
218.085,0.632,-0.136,7.851,0
218.628,0.625,-0.177,7.872,0
219.175,0.637,-0.12,7.819,0
219.726,0.716,-0.034,7.903,0
220.269,0.637,-0.151,7.829,0
220.817,0.663,-0.187,7.894,0
221.367,0.67,-0.177,7.932,0
221.916,0.646,-0.127,7.992,0
222.588,0.596,-0.127,7.915,0
223.138,0.725,-0.113,7.841,0
223.683,0.632,-0.184,7.877,0
224.229,0.606,-0.127,7.877,0
224.774,0.642,-0.211,7.872,0
225.318,0.685,-0.139,7.784,0
225.867,0.692,-0.129,7.762,0
226.414,0.709,-0.194,7.999,0
226.958,0.661,-0.148,7.93,0
227.501,0.694,-0.148,7.867,0
228.049,0.735,-0.134,7.867,0
228.598,0.618,-0.11,7.887,0
229.142,0.725,-0.201,7.927,0
229.683,0.682,-0.122,7.918,0
230.227,0.721,-0.105,7.922,0
230.775,0.697,-0.127,7.884,0
231.325,0.613,-0.139,7.915,0
232.0,0.704,-0.136,7.803,0
232.546,0.632,-0.105,7.925,0
233.096,0.63,-0.153,7.958,0
233.641,0.654,-0.132,8.011,0
234.188,0.642,-0.113,7.879,0
234.74,0.613,-0.12,7.942,0
235.291,0.666,-0.153,7.937,0
235.837,0.675,-0.165,7.848,0
236.386,0.649,-0.103,7.867,0
236.94,0.678,-0.084,7.977,0
237.492,0.663,-0.184,7.92,0
238.039,0.663,-0.139,7.894,0
238.585,0.694,-0.057,7.819,0
239.131,0.62,-0.17,7.934,0
239.678,0.63,-0.156,7.942,0
240.231,0.709,-0.122,7.898,0
240.779,0.711,-0.158,7.985,0
241.333,0.675,-0.122,7.942,0
242.007,0.637,-0.18,7.97,0
242.551,0.656,-0.168,7.853,0
243.103,0.706,-0.117,7.915,0
243.655,0.668,-0.136,7.913,0
244.207,0.675,-0.144,7.819,0
244.756,0.711,-0.132,7.803,0
245.304,0.656,-0.204,7.913,0
245.852,0.697,-0.103,7.93,0
246.399,0.611,-0.163,7.786,0
246.948,0.625,-0.168,7.927,0
247.5,0.702,-0.117,7.863,0
248.05,0.639,-0.163,7.877,0
248.603,0.673,-0.103,7.867,0
249.16,0.699,-0.103,7.822,0
249.708,0.57,-0.132,7.887,0
250.256,0.603,-0.072,7.877,0
250.805,0.723,-0.096,7.887,0
251.351,0.661,-0.117,7.822,0
252.002,0.661,-0.175,8.03,0
252.531,0.69,-0.117,7.937,0
253.061,0.694,-0.153,7.872,0
253.589,0.678,-0.129,7.903,0
254.117,0.532,-0.089,7.693,0
254.647,0.675,-0.168,7.97,0
255.18,0.594,-0.156,7.841,0
255.716,0.721,-0.098,7.879,0
256.252,0.632,-0.153,7.922,0
256.791,0.74,-0.144,7.963,0
257.326,0.639,-0.156,7.786,0
257.857,0.663,-0.158,7.841,0
258.397,0.639,-0.165,7.834,0
258.93,0.639,-0.089,7.908,0
259.464,0.706,-0.115,7.901,0
260.002,0.661,-0.199,7.887,0
260.54,0.644,-0.148,7.858,0
261.076,0.622,-0.096,7.855,0
261.723,0.666,-0.156,7.829,0
262.259,0.687,-0.204,7.951,0
262.791,0.646,-0.172,7.898,0
263.328,0.716,-0.17,7.887,0
263.866,0.687,-0.129,7.839,0
264.402,0.651,-0.093,7.958,0
264.945,0.69,-0.175,7.851,0
265.479,0.716,-0.127,7.872,0
266.015,0.642,-0.108,7.829,0
266.556,0.694,-0.146,7.853,0
267.094,0.488,-0.239,8.042,0
267.629,0.656,-0.158,7.879,0
268.168,0.692,-0.101,7.908,0
268.708,0.735,-0.113,7.879,0
269.247,0.649,-0.136,7.954,0
269.791,0.721,-0.139,7.91,0
270.333,0.622,-0.129,7.798,0
270.872,0.759,-0.077,7.642,0
271.525,0.694,-0.144,7.918,0
272.066,0.639,-0.165,7.944,0
272.605,0.644,-0.115,7.894,0
273.141,0.713,-0.158,7.642,0
273.687,0.567,-0.136,7.867,0
274.227,0.675,-0.151,7.743,0
274.764,0.627,-0.132,7.819,0
275.306,0.692,-0.17,7.927,0
275.844,0.666,-0.124,7.887,0
276.383,0.704,-0.105,7.817,0
276.918,0.63,-0.132,7.877,0
277.458,0.721,-0.52,7.676,0
278.0,-0.213,-0.275,7.977,0
278.541,0.227,-0.306,7.391,0
279.083,0.838,-0.194,8.358,0
279.625,1.551,0.249,8.643,0
280.166,-0.57,0.512,7.235,0
280.706,-2.931,1.729,4.602,0
281.373,2.389,0.402,11.854,0
281.91,0.555,-0.12,8.047,0
282.451,0.716,-0.079,7.896,0
282.993,0.678,-0.127,7.915,0
283.536,0.646,-0.242,7.81,0
284.076,0.654,-0.239,8.104,0
284.613,0.704,-0.148,7.942,0
285.156,0.685,-0.165,7.877,0
285.696,0.663,-0.165,7.889,0
286.235,0.721,-0.151,7.968,0
286.781,0.515,-0.022,7.879,0
287.32,0.706,-0.151,7.954,0
287.86,0.661,-0.103,7.877,0
288.404,0.697,-0.115,7.903,0
288.946,0.622,-0.153,7.908,0
289.489,0.658,-0.136,7.891,0
290.038,0.721,-0.184,7.887,0
290.582,-0.599,-0.273,7.614,0
291.249,3.618,0.56,6.302,0
291.795,1.453,1.93,4.927,0
292.336,1.549,-0.642,8.205,0
292.882,0.357,-0.294,8.267,0
293.424,0.065,0.086,7.446,0
293.969,1.528,-0.575,8.159,0
294.514,1.702,-0.268,7.786,0
295.058,1.346,-0.201,7.944,0
295.604,1.188,-0.184,7.805,0
296.152,1.02,-0.122,7.623,0
296.695,1.427,0.215,7.705,0
297.245,1.829,0.165,7.901,0
297.79,1.676,0.127,7.712,0
298.336,1.836,0.122,7.784,0
298.88,1.999,0.285,7.561,0
299.421,1.956,0.218,7.712,0
299.968,1.209,-0.124,7.906,0
300.512,1.75,-0.352,8.045,0
301.182,0.96,0.026,8.174,0
301.725,1.065,-0.402,7.958,0
302.279,0.876,-0.057,7.664,0
302.826,1.705,-0.457,8.696,0
303.375,1.571,0.105,7.635,0
303.918,1.908,0.781,7.693,0
304.459,3.778,1.901,5.021,0
305.006,9.606,-2.2,-0.242,1
305.549,9.797,-2.44,-0.79,1
306.096,-1.082,0.575,6.024,0
306.646,-2.559,-0.385,5.971,0
307.189,-2.476,-9.553,-0.895,1
307.74,-2.03,-10.575,-1.48,1
308.289,0.558,-1.583,8.507,0
308.835,0.196,-1.867,8.375,0
309.386,0.06,-0.974,6.864,0
309.935,0.139,-2.148,7.786,0
310.484,-0.194,-2.806,7.755,0
311.168,-0.69,-2.966,7.906,0
311.713,-0.163,-2.392,7.087,0
312.262,0.86,-0.057,6.27,0
312.812,5.981,0.326,5.468,0
313.361,2.641,1.592,10.142,0
313.911,7.774,0.105,-8.911,0
314.453,8.121,-0.51,-4.499,0
314.999,8.461,-2.485,3.534,0
315.548,3.625,-0.529,12.409,0
316.096,1.688,-0.235,7.781,0
316.646,1.628,-0.132,7.807,0
317.192,1.559,-0.192,7.906,0
317.74,1.377,-0.165,7.887,0
318.29,1.269,-0.194,7.877,0
318.836,1.063,-0.139,7.884,0
319.38,0.97,-0.136,7.915,0
319.928,0.01,-0.931,5.796,0
320.608,0.567,-4.906,7.434,0
321.154,0.752,-3.998,7.032,0
321.703,0.11,-4.784,5.899,0
322.25,0.139,-4.666,6.639,0
322.793,-0.989,-3.888,7.74,0
323.335,-3.764,-0.515,5.526,0
323.884,-2.753,0.302,6.469,0
7.521,0.567,-0.144,7.92,0
8.068,-9.139,-0.414,-3.215,1
8.612,-8.827,-0.441,-3.783,1
9.057,-3.29,-0.127,7.47,0
9.602,4.571,-2.447,8.387,0
10.146,-0.184,-1.865,7.195,0
10.693,0.934,-1.925,8.471,0
11.24,0.333,0.05,8.2,0
11.79,3.409,0.912,6.62,0
12.336,2.483,2.686,7.065,0
12.882,0.412,2.768,7.161,0
13.427,-0.108,0.91,7.973,0
14.08,0.33,1.513,8.456,0
14.604,1.204,1.657,7.393,0
15.132,1.753,1.398,7.994,0
15.659,2.105,1.973,7.151,0
16.185,2.114,0.781,7.982,0
16.712,2.014,0.792,7.944,0
17.238,1.839,0.67,7.724,0
17.772,1.736,0.539,7.841,0
18.306,1.836,0.795,7.685,0
18.833,1.879,0.924,7.489,0
19.366,2.267,0.778,7.719,0
19.897,2.071,0.742,7.805,0
20.426,1.872,0.448,7.786,0
20.957,1.743,0.385,7.755,0
21.489,2.064,0.517,7.898,0
22.019,1.903,0.555,7.736,0
22.551,2.016,0.46,7.745,0
23.08,2.085,0.572,7.74,0
23.614,2.447,1.219,7.863,0
24.26,2.045,0.388,7.925,0
24.791,2.095,0.615,7.822,0
25.327,2.349,1.657,8.021,0
25.855,1.724,1.317,5.416,0
26.388,0.287,0.345,8.471,0
26.921,0.127,1.872,7.496,0
27.454,0.268,1.369,7.867,0
27.989,0.127,1.372,7.683,0
28.521,0.165,1.31,7.769,0
29.056,1.166,-0.103,8.279,0
29.59,0.39,0.455,6.931,0
30.122,2.004,-0.931,5.863,0
30.66,2.576,-2.935,7.937,0
31.198,-9.105,-1.954,-1.365,1
31.734,-9.529,-1.195,-3.299,1
32.268,-6.732,-0.883,6.658,0
32.811,-1.463,1.911,7.709,0
33.345,-11.528,2.562,-0.01,1
33.881,-9.955,2.071,-0.871,1
34.536,-10.86,3.589,-2.385,1
35.07,-11.729,1.298,-2.868,1
35.606,-0.39,2.595,7.937,0
36.143,-0.388,3.421,5.555,0
36.68,-9.163,1.367,-0.294,1
37.218,-8.179,2.186,0.158,0
37.755,-9.352,0.63,-0.292,1
38.291,-3.534,-0.35,4.635,0
38.826,1.283,-5.219,7.537,0
39.363,-1.848,-0.874,5.38,0
39.898,0.139,-0.572,8.736,0
40.434,0.848,-0.371,7.863,0
40.968,-0.045,-1.089,6.395,0
41.506,0.433,0.249,9.261,0
42.042,0.618,-0.101,7.542,0
42.581,0.666,-0.136,7.793,0
43.118,0.625,-0.12,7.922,0
43.655,0.658,0.01,7.889,0
44.313,0.656,0.089,7.879,0
44.851,0.68,0.065,7.798,0
45.389,0.661,0.069,7.875,0
45.93,0.627,0.029,7.848,0
46.472,0.627,-0.156,7.908,0
47.011,0.596,-0.12,8.1,0
47.552,0.558,-0.177,7.879,0
48.092,0.663,-0.12,7.903,0
48.632,0.62,-0.213,7.968,0
49.175,0.682,-0.122,7.91,0
49.711,0.599,-0.211,7.796,0
50.254,0.618,-0.165,7.877,0
50.799,0.656,-0.172,7.867,0
51.345,0.658,-0.089,7.81,0
51.888,0.62,-0.156,7.87,0
52.432,0.74,-0.218,7.898,0
52.979,0.656,-0.122,7.961,0
53.522,0.656,-0.034,7.86,0
54.065,0.599,0.093,7.851,0
54.729,0.697,-0.16,7.784,0
55.276,0.716,-0.113,7.968,0
55.818,0.634,-0.048,7.846,0
56.355,0.622,-0.172,7.867,0
56.896,0.508,-0.292,7.894,0
